PC1,PC2,name,kmeans_label,dbscan_label,agg_label
-4.747651716070866,-0.324836356681223,Sparky,3,-1,2
-1.3347537185614355,0.32484246695396624,shuga rush,2,-1,0
-1.8617783674094612,1.070271679398905,LITT!,2,0,1
-2.1891829325687797,0.7295223821245894,Confident / Feeling Cool,2,0,1
-1.768083515408483,0.43390736660942153,wanted you,3,-1,2
-2.8126077559462046,0.13732991889419138,Kasala,2,0,1
-2.4378174262353474,-1.9417561357267563,Pull Up,2,-1,1
-4.585867602549071,0.25001823079102625,take a break,2,-1,1
-2.4662050211286393,1.4825144201502982,Cash,3,-1,2
-5.7796012013498785,-1.0537185426382112,SATISFIED,2,-1,1
-4.094925507359796,-0.36458961012816143,Morocco,3,-1,2
-1.4114338687032526,0.30160038723180677,luv in a mosh,2,-1,0
-4.1762973788556055,-1.620001858882561,Raw Dinner,2,-1,1
-2.13650641019761,-0.715839957200051,Waka,2,-1,0
-2.167880981303031,-0.9762695579547978,Summer Time (feat. Tay Iwar),2,-1,1
-2.9769629260477806,-0.10408579987889409,Bite the Dust,2,0,1
-1.1060231590271985,-1.9436935640468362,City on Lights!,2,-1,0
-1.478629998694789,-0.1997171832520191,PDA!,2,-1,0
-1.335686073413411,0.8243004492675345,End Of The Wicked (feat. Octavian),2,-1,0
-4.796948305926162,-1.2493228235803049,Catching a Wav,2,-1,1
-1.5107714769770473,0.6253696635662628,hectic,2,0,1
-3.701600502266677,-1.2534045091862305,Whoa!,2,-1,1
-2.9267016278065987,-1.34475159199162,FLAVA,2,-1,0
-1.977495303241962,-0.9028201917017267,Alté Cruise,2,-1,1
-1.1878924591241442,0.4068142388053533,Classic,2,-1,0
-2.8187923179882253,-0.2193314428359659,I listen to you...,2,-1,1
-6.647592100698555,-0.5965470786501068,angel,2,-1,1
-1.3619825754844563,1.2074200247698548,Around,2,-1,0
-3.434505777246017,0.8670839723671212,SPACE,2,-1,1
-0.5498914695906323,1.7776924111027406,Alté,1,0,3
-2.1435899028056453,1.7530742087754414,Beginning,2,0,1
0.3876906771187489,0.022690430026143755,Aye,1,0,3
-0.6440189679600522,1.3682051450643948,Baby,1,0,3
0.7586122735049469,0.37371587702471515,Assurance,1,-1,0
0.7228798793494196,-0.6032147629727348,Yori Yori,0,-1,3
-0.9368717472910107,1.382583026384821,Nobody,2,-1,1
1.2374851040858221,-0.011183144862337775,Perfect Gentleman,1,0,3
-1.5726141059267742,0.9667599525010082,Case,2,0,1
-1.0103157415976403,0.2691776977902456,Adiepena,2,0,1
-1.2899776282172073,-0.03482536273907712,Nobody Fine Pass You,2,0,1
-2.2219358574404398,1.006353836861072,Duduke,2,0,1
-1.7768335548073158,0.9702740934238204,Mad over You,2,0,1
-0.7988277277534941,1.1126583923451687,Odo Remix (feat. Mayorkun & Davido),2,0,1
2.3987040361381884,0.8971940866527841,On Top Your Matter,1,0,3
1.7259364257289835,0.19407305281245346,Happy Day,1,0,3
0.9854440230327729,-0.19839244515537374,No One Like You,1,0,3
-0.9131536805319656,1.901631882925517,If,2,0,1
-0.47126679597461063,-3.3089664350499097,Walk With Me,0,-1,0
-1.4129987034362033,-0.9735144066276255,Amen,2,0,1
-1.0624835007410107,1.2010805981824673,Yanga,2,0,3
-2.3484754257699025,0.43606728962642904,Thunder,2,0,1
0.9821320495863515,-0.4138039920889533,All I Want Is You,1,0,0
1.4919192244043806,-0.8982317321613035,Pino Pino,0,0,3
-0.5454917536541172,-1.7726315347829318,Pana,0,-1,0
-0.9142623579203013,0.9335577684761124,Mama,1,0,3
-0.2686042258077864,0.751798324245483,Majesty,1,0,3
0.2189518819243331,1.341822199829553,4DAYZ,1,0,3
-0.38876953181840745,0.3489472813560985,FIA,2,0,1
1.6070391092793117,0.799043621284302,Kind Love,1,0,3
-0.8007857691992747,1.2440989776809497,Romantic (feat. Tiwa Savage),2,0,1
0.31166882373133653,-0.036571874365127904,Prayer,1,0,3
1.1908988818795343,-0.46068623193327873,Girl (feat. Wizkid),0,0,3
-0.8394133071484446,2.0279994149171583,Poko,2,0,1
-1.1926296073675804,0.45081944441486294,Panana,2,-1,1
-0.13622198364378957,-2.2351579845499057,Mi Na Bo Po,0,-1,0
-0.3180589254547905,1.530178999901474,All Over,2,0,1
0.6712462759480723,-0.21725115578846846,For Life,1,-1,0
-1.023803753411283,1.8368599005880333,Fall,2,0,1
-1.998801317925655,0.4010176260075837,Say,2,0,1
0.9657639108101967,1.3022916987046194,Woju (Remix),1,0,3
0.9506810535344286,-0.07160613655149632,Duro (Remix),1,0,3
0.11629037522512037,0.7229817338498736,Aje,1,0,3
-0.1067121298163788,1.4003518532343324,Easy (Jeje),1,0,1
1.202908238854495,0.014840897942422665,Applaudise,1,0,3
-0.9858350503921735,0.05489588021549036,Feeling (feat. Reekado Banks),2,0,1
0.5984818387772596,2.0533116841271593,"My Woman, My Everything (feat. Wandecoal)",1,0,1
1.3660064706441173,-0.041794211436005195,Collabo,0,-1,0
-1.273549574882584,0.7234950022959807,Give You Love,2,0,1
-0.1641171603374517,0.08323760098064106,Ohemaa,2,0,1
-3.882118911425633,-0.7345887791016328,Mon Bébé (feat. Flavour),2,-1,1
0.012329079078412408,1.4022583970340763,Tear Rubber,1,0,3
-0.11134208002880652,0.758201612558168,Kololo,1,0,1
0.29900303020207636,-0.11693630070479429,One and Only,1,0,3
0.9028700458382748,0.09082771494262189,Laye,1,0,3
1.1058152080136008,0.48404488887105507,Dada Omo,1,0,3
-0.741460696244777,0.5900921438146309,Only Girl,1,0,3
1.0167715496063625,-0.9624203417450611,Obianuju,0,0,3
0.9482052579658253,1.9107396012825122,Finally,1,0,1
1.5544299989174926,-0.8045763250883843,Ogadigide,0,-1,0
2.079404829419099,-0.8118501807579387,Ada Ada,0,-1,0
-0.467489752630011,-3.2107781493493532,Ololufe,0,-1,0
1.1003871219458183,0.6370187404857474,My Darling (feat. Don Jazzy),1,0,3
-0.6321055481221826,-1.0125826457043607,Yes/No,2,-1,1
1.7660906159591738,-1.6770340734058347,I Love U,0,-1,3
0.818464684520531,1.4360944188100204,Tere (feat. Diamond Platnumz),1,0,1
-0.09309279337190526,0.28180025792404956,Return,1,0,1
1.7513746789516769,-4.049965504999197,Iwotago (feat. Phyno),0,-1,0
0.20717957919878816,0.8145361039710587,Ire,1,0,3
0.7504023108750602,0.2263040993523064,Kedike,1,0,3
2.5982430384956605,-0.8671757497132621,Strong Ting,0,1,3
-2.5404018784875255,0.8402283752659575,Promise,2,0,1
-2.1795020651398316,-4.065761002991067,Oyi (Remix),0,-1,1
1.6483587209370434,-0.012000533177972918,Always (feat. Davido),1,0,3
1.4581289635235386,0.15883288913254084,Oruka,1,0,3
0.2791915026661098,0.487859884579779,Angela,1,2,0
0.8055513880042035,0.6111833431937903,Obimo,1,0,1
1.024089932744148,1.8944443248819922,Where,1,0,3
1.1418491131855177,0.34278115533245285,Mansa,1,0,3
-0.41226535736392145,0.18578555923434734,Pakurumo,2,-1,3
-1.227547860184595,1.4652356674975302,Marry,2,0,1
1.2532836411470751,-1.8517756473277545,Forever,0,-1,0
0.23703231170529684,0.2708359361146037,Ifunanya,1,0,3
-0.09792829160698178,1.306252173387483,Ariva,1,0,3
0.7490162515288596,-0.23258651383319798,I Gentle,1,0,3
1.3412080182372297,0.44872379986014505,Fine Lady,1,0,3
0.9993551074799414,-0.9867142391969409,Komole,0,0,3
0.77197493818866,0.8740458477460935,Dodo,1,0,3
0.7832105831435865,-0.1348341750155188,Today Today,1,0,3
2.077137101744257,0.16793775803997762,Duro,1,0,3
-0.5588776468345185,0.7137882628025621,Criteria,1,0,1
-0.07566705738412324,0.7458019341223996,Forever,1,0,3
-1.1250670441755986,0.29933401862675735,O Wa N'bę,2,0,1
-0.12301222502151361,0.6872418560790835,Ojoro,1,0,3
0.504451333301355,-0.6716573401846702,Lovinjitis,0,-1,3
0.7899940397938742,-1.1815095174418806,Made for You,0,-1,0
-0.39810472053055884,-1.325525689783544,Ololufe,0,-1,0
-1.124584188182383,1.0984414700549034,BE,2,0,1
-0.3209514461781591,1.6761363783062175,Chinelo,1,0,3
0.8625183896616109,0.17181720555055055,Chop My Money Remix,1,0,3
-0.8788500849943984,-0.8998703562522699,Woman,2,3,1
2.05169565098277,-0.9608501307571633,Facebook Love (feat. Jaywon),0,0,3
2.4996384019129687,-0.42372326990849957,Ashawo,0,1,3
2.9518119973490053,-0.4296001185788048,Ki Ni Big Deal,0,1,3
-2.301605091371421,-1.891995625449549,This Year (Odun Yi),2,-1,0
0.8982724589596971,-0.5221803969341171,Lefenuso,1,0,3
1.4121883325955888,0.566852108436524,Lori Le,1,0,3
1.7119235211069226,1.0163228326942222,Gongo Aso,1,0,3
0.9687114676977889,-3.3640407559260246,Street Credibility,0,-1,0
-0.9296060260848313,-0.35934104911379877,Who Born The Maja,1,-1,3
1.8632256631057935,1.4453558070241321,Kokoma,1,0,3
1.5889590363748312,-1.5034137110399786,Gbamu-Gbamu,0,-1,1
0.28488455992750206,-0.8059412202581606,Beautiful Onyinye,0,5,3
1.8763973763008772,-0.01676708511021268,Do Me,0,5,3
2.6815843013256333,-0.783130132662556,Booty Call,0,-1,1
1.2430563169734101,0.23020588699619415,1er Gaou - Version originale,1,0,3
0.3530464727845668,-1.418369283949301,My Car,0,-1,3
0.619108953700678,-2.455390534131938,See Me So,0,-1,0
0.8104540012445615,0.2317168450664689,Fi Mi Le,1,0,3
0.9048691683711658,-1.8818548800373516,Oleku (feat. Brymo),0,-1,1
0.9437368145433094,-0.5771679251630915,Ara,0,0,3
1.817943545852093,-0.0892445760382692,Pere,1,0,3
0.4421267420075857,-1.2331899758015288,Sound Track,0,-1,0
2.9185903109586473,-0.06802535901140429,Imagine That,0,1,3
0.834336143467321,-1.7221811484771745,Olufunmi,0,-1,0
-0.7346201906091754,-1.6531763052381527,Call My Name,0,-1,0
1.3494332286465307,-4.801948362418947,African Queen,0,-1,0
0.3458928188912932,-2.075928364289251,Nfana Ibaga (No Problem),0,-1,0
1.1399651790486092,-0.08452241030310433,kolomental,1,0,3
0.5307135105369113,-1.1876130238511984,Nigeria Jaga Jaga,0,-1,3
1.141663507897934,-0.3270686297042723,Mr. Lecturer,0,-1,3
0.7700411747717848,-2.1199181743575184,Live in Yankee,0,-1,3
0.5034888961279956,-1.1886391820428481,Jaga Jaga,0,-1,3
1.6732315200183043,0.027441250585900835,Oruka,1,0,3
2.006119974194339,1.012194311264316,Critical,1,0,3
0.6558680017719318,0.44738547306602394,Mo Gbono Feli Feli,1,0,3
2.2237683985708188,-0.5404279035581562,Pop Something Ft. D'banj,0,-1,3
1.0503676054609727,-2.3478875777683195,Tongolo,0,-1,3
0.19567462902734245,-1.817514471011474,Yahoozee,0,-1,3
-0.2839393541258251,0.5824296315976032,Over The Moon Ft. K-Switch,1,0,3
1.7034440235180868,-0.7435950368026325,Tony Montana - Remix,0,0,3
-0.14570355477611024,0.5674387799973215,Undisputed,1,-1,3
0.6824584993652979,-0.44735401221809273,Implication,1,0,3
-0.1601610530261371,-2.0485947448924167,Bomper to Bomper,0,-1,3
1.3058297436549533,-2.52779218403355,Oleku (feat. Brymo),0,-1,1
2.0732424274877967,-0.6725509291777578,Ten over Ten,0,0,3
1.0327394869245363,1.058555389886077,Aboki,1,0,3
0.37652475443832495,0.006935915814406094,You Bad,1,0,3
1.6158540584731578,-0.6469484884287465,Limpopo,0,0,3
1.8193157867293421,-0.3421942628121778,Caro (feat. Lax),0,0,3
1.8650191913350738,-0.09301998700008832,Dami Duro,1,0,3
0.40196092408089695,-2.473694100300642,Like to Party,0,-1,0
-0.3616585482806851,0.6505245665504924,First of All,1,0,3
1.0798997222217643,0.3419963143534007,Stupid Love,1,0,3
1.242064164847143,0.28224395025591814,Ten Ten,1,0,3
2.254297719022539,-0.5859341749568193,Pop Something ft D'Banj,0,-1,3
-1.728149431010393,-2.503440315787816,Halleluyah,2,-1,0
-0.7535207755732175,-4.548784263254525,Catch Cold,0,-1,0
0.6563906389572142,-0.5883130949338196,You Know It ft. Eldee,0,0,3
2.0656974017641274,0.1669201424280636,Kako bi Chicken,1,0,3
1.2171481190812632,-2.1819487868214726,If Love Is A Crime,0,-1,0
2.1572148916929574,-4.941571511154485,African Queen,0,-1,0
-0.2858747468442094,-2.880560041447155,Possibilities Ft. 2face,0,-1,0
-0.56784665808736,0.21497433286558382,Bizzy Body,2,-1,3
0.26168265253839307,-1.972504355682001,No Lele,0,-1,1
0.23177556146732237,0.7974160444511283,Ekuro,1,0,1
1.2575099025169412,0.28244714074975463,Pere,1,0,3
-0.6595914759002581,-0.5233171943688394,Bastard,2,0,3
0.9011144681963619,-4.343138440911068,Pepper Dem Gang,0,-1,0
0.18173338743541279,-0.22014081627836585,Yawa,1,0,3
-0.5373613850900544,1.5346935956929697,Daddy Yo,2,0,1
0.8205598620203157,1.3018112518033473,Diana,1,0,3
0.6703077569184871,-0.14218115350517088,Gbagbe Oshi,1,0,0
-2.5994029562606245,-1.843373891025933,Do Like That,2,-1,1
0.33907767729257693,0.667754551714646,Awon Da (Rasaki),1,-1,0
1.940905954570052,1.3973174289694636,Ah Skiibii (Remix) [feat. Olamide],1,0,3
1.0819938690227469,1.5815717085473169,Bank Alert,1,0,1
-0.9106584347310311,0.20024799847565944,Omo Wobe Anthem,1,0,3
-0.15165241510258165,0.4669016064907199,Shele Gan Gan,1,0,3
-0.18074002833409053,-0.15849870675933495,Cinderella,1,0,1
-0.04795277995162092,0.5287948503062803,Foreign,1,0,1
-0.6635452936844031,0.14744947035534514,Ariwo Ko,1,0,3
0.20219898931740538,-0.3085832043562265,G.O.E,1,0,0
1.6052298310222697,0.5082606033104825,Jigi Jigi,1,0,3
-0.539780631286918,1.210504533002344,Love You Tire,1,0,3
0.6168729802351557,-2.1906708103544985,Sons of Anarchy,0,-1,0
-0.3135503064868251,-0.2593376638134165,Ireti,2,0,1
-0.764143717154229,0.06935286924683387,My City,2,0,1
0.8084488528974959,-0.534454137343553,Love Don't Lie,1,0,0
0.27822729746047514,-2.8416533724336137,Wait for Me,0,-1,0
-0.968637273655601,0.428997744376589,Afro Lover,1,0,3
-1.2731505509576353,-0.12101766729167071,Link Up,2,0,1
-0.16641770911305162,1.4011030920497303,Ladies and Gentlemen,1,0,1
-0.8052821034207054,-1.9843167930957402,Slide In,0,-1,0
-2.4087103229790614,-0.19577715743143115,Tonight,2,0,1
0.8372694045918351,0.7802326069182394,Bokiniyen,1,0,3
-0.1060017699395913,-3.0790651323440588,Hello,0,-1,1
-0.8846262431158156,1.1882249114240047,4 Me,1,0,3
-0.8538916870093808,-1.8787383719299322,LEG OVER,0,0,0
-0.8965281585760336,1.434894936197771,Ballerz,2,0,1
0.9631506395931589,-2.293800937759983,Like This,0,-1,0
0.3077256472269229,0.16463865450679388,Who You Epp,1,0,3
0.17332777549876538,0.5049984946994952,Legalize,1,0,3
-0.25789982470176115,0.9261528902415048,Get Up (Feat. Dj Tunez and Flash),1,0,3
1.3914894514230554,0.5323183584420463,Oje (feat. Wizkid),1,0,3
-0.6018075966456967,-0.8958856125374169,Bubble Bup,2,0,0
0.42170623814462666,0.3307987174252451,Wine to the Top,1,0,3
-2.852322692655298,-0.14714380825469273,Radio,2,-1,1
-1.009952698401168,-1.1656053496234784,Adore Her,2,-1,0
-0.5277264445285006,0.7434770168091702,Rora Se (Tread Softly),1,0,1
-0.7812397754404335,1.2327120927616158,Pain Killer (feat. RunTown),2,0,1
0.7199896159125881,1.0313197380404433,Some Say,1,-1,0
-0.9336024682626918,1.2876234770066186,Iskaba,2,0,1
-1.758980022952269,-1.6475753896620042,Tilapia (feat. Medikal),2,-1,0
-0.5807567346045299,-0.2298084204029998,2 People,1,0,3
-0.567594180532014,0.6326071092327932,Wo Onane No,1,0,3
0.6159863782846245,1.3728723232225746,Walahi,1,0,3
-0.10257499722950464,0.06854835898525186,Te Ota E Mole,1,0,3
0.31236880478792434,0.6230040978998033,Bang Bang,1,0,3
-0.9558119965650249,0.7151586905459151,Hey Stranger,2,0,1
-1.45162952187954,-1.8310511813849952,Wishlist,2,-1,0
0.211698087067232,1.6778255408489988,Tonyor,1,0,1
0.31592639328816347,0.24136441365965625,Shout Out Trap (feat. Wande Coal),1,0,1
-2.24761690009191,0.06645927920203355,Killy Person Freestyle,2,0,1
-0.6622123080349182,-1.062879514356525,One Call Away (feat. Maleek Berry),2,0,0
1.09039402185532,-0.8186859146606106,Higher Healing (feat. Huma Lara),0,0,3
0.1646402074490358,0.46756757345003114,Just Like Dat,1,0,3
1.5687502273251965,1.0527947301188598,Say-Baba,1,0,3
-0.3437059715108544,-0.09754779008806201,First Come First Serve,1,0,3
-1.0311247274160849,0.5457519359266535,Pass The Agbara,2,0,3
-2.339379814709272,0.25710283780829907,Come Closer (feat. Drake),2,0,1
-1.8393113503563412,-1.1261758186980202,Shine Your Light,2,-1,0
-0.5166864866646032,1.0568362411910515,Yetunde,1,0,3
1.9909360244036067,-0.6158349368203753,Gbo Gan Gbom (Une Soul),0,-1,0
-0.3604069034737432,0.555463823111286,Go Down,1,0,3
-0.3985358665328628,-0.4554974841554818,Far Away,2,-1,1
1.6058827151656827,0.4153594580613989,Dance 4 Me,1,0,3
0.5661069422308419,1.61186260124578,Koffi Anan,1,0,1
-0.9218717220717519,0.3179642169656821,Fight (feat. DJ Cuppy),1,0,3
-2.5307346420445795,-1.8491975858810668,Sometimes I Pray,2,-1,0
-1.654100616928967,-0.22647645444584685,Your Smile,2,0,1
-0.9877366861354787,-0.16186718380395312,Salsa,2,0,3
1.4156613701027694,1.058990308904002,Gbemisaya,1,0,3
-1.162221578824847,-2.37346337636226,UP 2 SUMTING,0,0,0
-0.7951182071436849,0.8607689863758551,Juice (feat. Maleek Berry),2,0,1
0.507032666657506,-0.2555441409624517,Wavy,1,0,0
-0.7176519563927324,0.1459109412808481,I.J.N,1,0,3
0.05737023314202321,2.281813969692696,Teré teré,1,0,1
-1.4301240632149883,1.6935716045249167,Maradona,2,0,1
1.1139599103342264,0.7562391828283215,Yolo Yolo,1,0,3
1.3428045149380259,0.8205188252864946,Baby Answer,1,0,3
-0.13597655505716183,0.7075807779818442,Gimme Luv (feat. Olamide),1,0,1
0.03507950086196141,0.4927385008999836,Ojukokoro,1,0,3
-0.44988973851340813,0.31951307784471933,Sexy Girls,1,0,1
-0.11044401672616214,0.9162323003415783,Alhaji (Can't Hear You) [Remix] (feat. Runtown),1,0,1
-1.347865369579663,0.2085872485902293,Halé Halé,2,0,3
0.12178562014642692,-1.3232885007909052,Cheating Zone,0,-1,0
0.8954108792825035,0.05873193051983179,Money,1,0,3
-0.17625011845967495,-2.1251032961000997,Kill Nobody (feat. Calibrii),0,-1,0
-2.9101572082367935,-1.1802796597191527,Bad,2,0,1
-0.5873688925212076,0.3336160340329147,Sikiru,1,0,3
0.32497154639621495,1.7956246975196883,IZZUE,1,0,3
-0.032499431082709786,-0.34478109375893534,Joro,2,-1,0
-0.48288287198390384,0.5232976890383904,Skeletun,2,2,0
-1.7673035085557869,-0.022779212249285127,Blow My Mind,2,-1,1
-1.222838702397666,1.8975693242951974,Dumebi,2,0,3
-0.7650568190815425,-0.3631534032276907,Risky,2,3,1
-0.661984376102297,1.268850838553278,Killin Dem,2,0,1
-1.2965760055353022,0.7264979737307198,"Soco (feat. Wizkid, Ceeza Milli, Spotless & Terri)",2,0,1
-1.9328502415039877,1.5200869290038332,On the Low,2,0,1
-1.8469602282694155,0.7074787431911509,Gbona,2,0,1
-0.5972500686163197,1.7472559584717267,Sensima,2,0,1
0.3306760053954804,1.0468467063810396,One Ticket (feat. Davido),1,0,1
-0.8616946728571483,0.740355010363022,Fever,2,0,1
-0.6405596611783542,-1.566820483771554,Skin Tight (feat. Efya),0,-1,0
-1.0268507661877093,1.3679643139979618,Power Rangers,2,0,1
-0.9213087108873312,1.4247661706725574,Soapy,2,0,1
-1.517695334931338,0.6057874413192353,Iron Man,2,0,1
-0.5381130667442319,0.30946377735720487,Jogodo,2,0,1
-0.2867420366368534,-0.05852060647750216,Balance,1,4,1
-1.5331122577174452,-1.5895834539935811,Pana,2,-1,0
-1.279980015981112,0.6264653275772397,Mad Over You,2,0,3
-0.931885015020178,-0.9559781759471506,Wonder Woman,2,0,1
-1.0581222046153458,0.7420167048767318,Ghetto Love,2,0,1
-0.8011734492524807,-0.340455081826775,Risky,2,3,1
-0.0983562989046415,1.782923120758463,Audio Money,1,0,3
-1.136876935762804,0.7794030379617238,40Yrs,2,-1,1
-1.0119876450121656,-1.4319635669822894,Wetin We Gain,2,-1,1
0.03842838844760759,-0.48450120339897196,Crazy Love,1,4,1
0.3304609357025704,-0.3856405023246774,Osinachi,1,0,3
0.6213240948582321,0.7353816209362329,Duro,1,-1,0
-2.91461607602345,-1.7061465763047325,Obianuju,2,-1,1
-0.38464976926859024,2.2857159099366853,Waka Waka,1,0,1
0.9044915555373734,1.084938515345845,Dance (feat. Rudeboy),1,0,3
0.3567958183024414,1.2022088297361635,Kom Kom,1,0,3
-1.25016134842973,1.6964232570047284,Yawa,2,0,1
-0.20183783204181716,0.9258468300473137,Yeba,1,0,3
-0.9588686774027158,1.3703027557358622,I Don't Care,2,0,1
-1.4004388071521006,0.9749146252236093,Ride for You,2,0,1
0.12392155076514878,0.1637487471696148,Obianuju,1,0,1
-1.9146663199567682,0.7429789420929618,Reason with me,2,0,1
0.5548674151701637,-0.004617907048409165,Ifunanya,0,5,3
-1.1413700689529784,-0.7923866586439244,Woman,2,3,1
3.0008359549018015,-0.7068003761643041,Awele,0,-1,0
-2.5857440910720992,0.5969524058018769,Yati Yati,2,-1,0
-1.860298004765122,-0.16819366512093475,Chizoba,2,-1,1
0.3816875608118308,1.1385847170839654,Yati-Yati,1,-1,0
-0.18855402603260776,0.6369613550825323,I Can't Kill Myself,1,0,3
-0.29993168855048924,0.6404543270334073,No Kissing Baby,1,0,3
-1.0954735923501357,1.37298952549841,By Force,2,0,3
0.23603086350828603,1.7838666946773925,Askamaya,1,0,3
0.1519759589176543,0.6462024069832604,Angela,1,2,0
-1.9969502598332518,-1.3680185435464722,My Level,2,-1,0
-2.7007249288632447,-1.766334994412747,Taking Over,2,-1,1
-0.7423423553203274,0.9850022832299072,I Can't Kill Myself,2,0,1
-0.7435898313022598,1.2572962609386733,Yeba,2,0,1
-0.5545888322303986,0.5092285705673416,Something Different,1,0,3
-1.044916817150379,0.7536279451553105,Jerusalema,2,-1,1
-4.4214994082283665,-0.9088649038063258,Electric (feat. Wizkid & London),2,-1,1
-0.9593806879369389,-0.02947541080784018,Oga,2,-1,1
-1.4724942759657529,1.2393272374465625,Fake Love (feat. Duncan Mighty & WizKid),2,0,1
-0.2483074711089542,0.6108242516370725,Catch You,1,0,3
-1.7758644583023073,0.4379384128022959,Skintight,2,0,3
-1.3049407203589707,0.3364279674910736,Abule,2,0,1
0.15453898832093566,0.7955347184148048,Teyamo,1,0,1
-0.9420631648429196,0.05676665016241737,Lucky (feat. Rudeboy),2,0,1
2.653268682140014,-0.7856601518189837,Ubi Ego,0,-1,0
-0.12440133793159028,-1.8030668641673173,Igbotic,0,-1,0
-2.143972639264763,0.9811175255130615,FEM,2,0,1
-2.283349304976592,1.2583910946760817,Kontrol,2,0,1
0.7721177560033977,-1.284522056594479,My Body,0,0,0
1.2467272591343843,0.28791401440134634,Bend Down Pause,1,0,3
1.1621235037905298,-1.622340259341823,Ferrari,0,-1,3
1.507734458615551,1.2294899019900085,"Reggae Blues (feat. Olamide, Kcee, Orezi & Iyanya)",1,-1,0
1.3391483452120323,1.2608170357711694,Pullover (feat. Wiz Kid),1,0,3
1.208054161266749,0.48223825841014883,Sekem,1,0,3
-2.5731620651558833,-2.3227403334600862,Anointing (feat. Sarkodie),2,-1,1
1.05072786221793,0.47972873038630776,Kukere,1,0,3
1.3826410196662384,-1.530092872021815,Bobo,0,0,3
1.2224356046320977,0.12032841015559759,Johnny,1,0,3
0.9528535612225616,-2.4652370615408095,Fada Fada (Ghetto Gospel),0,-1,0
0.7285415045934818,0.5021805081276807,I Concur,1,0,3
0.300766329292795,0.7463112874526434,Wash,1,0,3
0.3530876406364519,0.7070232706233032,M.O.N.E.Y,1,0,3
1.838825034177807,0.8199789995526695,Ashawo,3,-1,2
0.22904054408640312,1.7952706867363686,Shake Body,1,0,1
2.0145415466514485,0.05642883909181958,Karolina,1,0,3
2.052912520015543,-2.1516225180980126,Shake,0,6,0
2.3931821415759984,0.9991003795156224,On Top Your Matter,1,0,3
2.006540812173478,0.2659192967308213,Baby Oku (Gyration),1,-1,0
0.6064761061431566,0.0579058692660369,Why (feat. Awilo Longomba),1,0,3
1.4059303789164002,0.9383310577190788,The Money,1,0,3
2.2370624250199067,-0.23030410156709274,Mmege,1,0,3
0.7002922656878532,-2.3152871051707047,Oyoyo,0,-1,0
0.4468100829744175,1.7488599547585355,Woyo,1,0,3
1.3678206672406987,-2.4687572181978963,Ikwokrikwo,0,6,0
1.1236097880738123,-0.5630830562328932,Sisi (Remix),1,0,3
0.58438161659186,-0.044902461342716686,Manuchim Soh,1,0,3
-0.3485728836816635,0.917745705539582,Ohema (feat. Mr Eazi),1,0,1
1.0221778506852204,1.197545113184713,Joana,1,0,3
0.3647154399568373,1.4953710075847815,Baby (Chop Kiss),1,0,3
-4.229110678886539,-0.9487981341787366,Body,2,-1,1
0.573042275289412,1.162773158242888,Nobody Ugly,1,0,3
1.9414623258993042,-2.3071138146807426,Ife Adigomma,0,-1,0
0.4478391148117624,-1.1065406900016683,Nnekata,0,-1,0
1.1163479575881934,0.46161108228160264,Sekem,1,0,3
-0.08812170514819904,1.5646676572115303,Desire,1,0,3
0.9806882892483848,-1.0213859061553452,Baby Na Yoka,0,-1,0
1.8381409322681512,0.5030306178932561,Sangolo,1,0,3
0.5733196304815801,0.8991089956561366,Vanessa,1,0,3
-0.7535546165218198,1.0038046956132511,Malo,1,0,3
0.5519855367467995,0.032046319239279746,Knack Am,1,-1,1
-4.299906168834328,-0.7176956143803505,Wo!!,2,-1,1
0.3764839279163257,-0.2778721505986852,Bend It,1,0,0
1.8294295653349928,-2.4665263207682826,Augment,0,-1,0
0.8983715022133891,0.6963772906282995,Jaiye,1,0,3
1.3683479043339517,-1.7245098834463701,Chimamanda,0,-1,0
1.487666512933369,0.9333622683045999,Reggae Blues,1,-1,0
2.086909695612951,-2.336470144472265,Shake,0,6,0
-3.3259469361571523,0.3258078542026925,Pour Me Water,2,-1,1
-0.057092165065322234,0.4332516592419046,Sugar,1,0,3
-1.3626729127488615,0.7719565339565675,Ma Lo,2,0,1
1.9763101347407814,0.8112489871366885,Arabanko,1,-1,0
-0.19588177439662885,0.9055770012180774,Yeba,1,0,3
0.5833958698267881,0.4820495507108581,Forever,1,0,3
1.8631978501278434,1.0157046124701794,Ashawo - Remix,3,-1,2
1.0982789209832353,1.4401214642682643,Samankwe,1,0,3
0.421293895289416,0.5320558854760298,Testimony,1,0,3
2.383632553795245,1.3225478362170204,Nek-Unek,1,0,3
1.6413930063448057,-0.04770574311601068,Sexy Rosey,1,0,3
0.12476271381694222,-1.7482495013156574,Amayanabo,3,-1,2
-0.5678499085855678,0.9282080849321301,Mind,1,0,3
0.822051739513897,1.4257979988890224,Telli Person (feat. Phyno & Olamide),1,0,3
-1.7594757432489503,0.3163386166495909,Manya,2,0,1
1.588519652863845,-0.6759944255100981,Wake Up,0,0,3
0.5708308962522661,0.7115370727575746,Laye,1,0,1
-0.12640714798172234,-1.4744054445184163,The Matter (feat. Wizkid),0,-1,3
0.031247243655563178,-1.3691190547408227,Yori Yori,0,-1,0
2.609530274343427,0.5800040350338853,Salambala,1,-1,0
1.0731807614267004,-2.4239397493821677,Gâté le coin,0,-1,3
1.124559544942982,0.87044760676124,Nwa Baby,1,0,3
1.2176322274571298,-0.5927257778146148,Oh My God (feat. Flavour),1,-1,0
-0.09582460151545195,-0.05719747887628004,Personally - Bonus,2,-1,1
-0.9683673154955712,1.7331791034948032,Drogba (Joanna),1,0,3
-0.9863805235323237,-0.7252010465096282,Sisi Maria,2,4,1
-0.6068889031636209,0.4657571134314073,Yur Luv,2,0,1
1.2791934188646688,1.2390578357386461,Bank Alert,1,0,3
1.2652098682048696,-0.6534593628910188,Oshé (feat. Awilo Longomba),0,0,3
1.7884568143918749,-0.380792936207155,Infinity,0,0,3
1.3920032766801564,0.843517887903472,Bundelele,1,0,3
-0.4059480604108013,-1.6149144969844371,No Stress,2,-1,0
-0.7506980786475224,0.7986770383551236,Smile (feat. H.E.R.),2,-1,1
-2.502547839842762,0.060908314724093145,"PAMI (feat. Wizkid, Adekunle Gold & Omah Lay)",2,0,1
-1.6789533806085923,1.6123988630127535,Kum Kum,2,0,1
-0.9413756745415027,0.9238669075229303,Won Le Ba,2,0,1
-1.8807381491825936,-0.48518736538952884,Ginger Me,2,-1,0
-1.3151187596804508,-1.29014824604094,Myself,2,-1,1
0.6990402612057038,2.098729217490234,Where,1,0,1
-2.7112737037097085,0.9871678567722385,Mmayewa,2,0,1
-0.41138197228497503,-0.5076130864401514,Jealous (feat. Fire Boy),2,-1,1
-3.037116923066264,0.025286557782579613,Mummy Pray for Me,2,0,1
-1.6111011269036255,-0.7347437340168876,4 Life,2,-1,0
-0.049399387888547634,1.8664082656940881,Sisi Maria (feat. Skales & Koker),1,0,1
-1.9012568531992544,1.1259343261212045,Tornado,2,-1,1
-3.238533800278457,-1.9409464597953414,Skin,2,-1,1
-0.8154380235203252,0.336726847586052,Kpro Kpro - Remix,2,0,1
-0.541998767149798,0.9520073996948132,Feel Alright,1,0,3
1.186591680789623,0.6259957490382846,Away,1,0,3
2.3589338932564172,0.4564896174628261,Rotate,1,0,3
-0.3646681325836373,0.5854509267050511,Shake Your Bum,1,0,3
0.7051206301372809,-0.05035368064823728,Commander,1,0,3
0.9519548373369179,1.3856177587767122,Angelina,1,0,3
-0.4856473495007643,-0.7708172457185903,Sos,2,0,3
1.0312275069221506,-0.17733020467878383,Le Kwa Ukwu,1,0,3
2.3161226785513054,0.5785932976268199,Give It to Me (feat. Flavour),1,0,3
-0.17311613439710888,0.021793064299537906,Johnny,1,0,3
0.631995167947554,0.11627605200467842,Kele Kele,1,0,1
1.4524112594760608,0.806351917565893,Kukere,1,0,3
1.4504901756585293,0.5872093874096607,Ginger (feat. Wizkid),1,0,3
2.0165512532796446,0.43112074283954616,Chineke Di Mma,1,0,3
2.241079851247753,-0.2858010598695806,Caro (feat. Wizkid),0,0,3
0.29828399730536787,1.131683829704236,Dance,1,0,3
2.452905669217849,0.8913374185382059,Dance (feat. R2bees),1,0,3
1.9425972500454938,-0.944782408938421,Original,0,0,0
0.9758929857114751,1.1139093953061825,Nek-Unek,1,0,3
-0.4268562504096117,-0.38572348566501036,Girlie O,1,0,0
-0.44072248867998215,-2.343547113921429,Say,0,-1,0
-0.16062564337734622,0.07726088359159337,Gallardo (feat. Davido),1,0,3
1.6765605079574275,-0.7173399848366283,Limpopo,0,0,3
0.8572501347978837,0.9782480158517434,Sanko,1,0,3
-0.013612992880897106,0.36023945557252984,Jasi,3,-1,2
0.2033679510487963,-0.014240292202560397,Girlie 'O' Remix,1,0,0
-1.69003918358319,-0.6362322032814263,Repete,2,-1,1
0.782230064494692,0.10939189164845266,Give It to Me,1,0,3
0.9685062321337071,1.3570057448125978,Shake Body,1,0,3
0.8313406069637714,1.403470870515827,Jacuzzi (feat. Ice Prince),1,0,3
0.9177237796322606,1.233422021458764,Skelewu,1,0,3
1.7186942755847299,1.2453527940274864,Garawa,1,0,3
1.8743157269774422,-4.049422261081002,Iwotago (feat. B Red),0,-1,0
1.215061466147528,-0.331763743606108,Bombay (feat. Wizkid),1,0,3
0.3388813077077136,-0.9586275717632446,Oyo (On Your Own),0,0,0
0.8598533963776979,0.020462004564765705,Rara,1,0,3
-0.22844135344180208,-0.3586536704686476,All Of You,1,0,3
-0.44457874390153096,0.10637388648632633,Ojuelegba,2,0,1
1.0948921053449028,-3.4092641666077843,Murder (feat. Wale),0,-1,0
1.2983029229375478,0.24033098210717574,Chop Am,1,0,3
1.5693224795208385,0.5982635994404643,Ori Owo (feat. Tillaman),1,0,3
0.4457256821594677,-2.3639810039138456,Ukwu,0,-1,0
1.7633243523939943,1.392579388618901,Eledumare,1,0,3
1.4948850156838565,0.7388321256027159,Sukus,1,0,3
0.7897801646993855,0.18658198992398234,"Adaobi (feat. Don Jazzy, Di'ja, Reekado Banks & Korede Bello)",1,-1,3
1.5796969316881149,-0.7995889567387034,Shoki Remix,0,0,3
3.2169979855191264,-0.706936012509075,Welu,0,-1,0
0.13569783258825574,1.5777223157768177,In My Bed,1,0,1
3.2809048512066847,0.05825839992475767,Baby Hello,0,-1,3
0.1322992764638219,1.1493299868794369,Vasa Shiii,1,0,3
2.1169561642135943,0.7656235061269901,Oh Baby (You & I),1,0,3
1.859228403860864,0.6878328641183156,Hakuna Matata,1,0,3
1.3313932527248948,0.5952362767219794,Magical,1,0,3
-0.9802329107599702,0.06784470162887217,Poco A Poco,1,0,3
0.5450145566158279,1.7379926335614153,Shekini,1,-1,0
1.224285556328504,-0.374935681876409,Tangerine (feat. Selebobo),1,0,3
0.8382737951964179,0.34217473745235094,YoYo (Remix) [feat. J.Martins],1,0,3
1.198624343457803,-0.5647043094168042,Jeje,0,0,3
-0.7502082884376237,0.7046789157840792,Osey,2,0,1
1.3012200828587337,1.1303106714998203,Your Body Hot (feat. Attitude),1,0,1
0.5180997417728808,-0.28177191929702683,Shuperu - Remix,1,0,3
-3.8075826175282037,-0.4188316517132453,Paper,3,-1,2
1.037485422292347,0.12408563629105178,Owo Ni Koko,1,0,3
1.1001335160262535,-2.9033118237327886,Slow Down,0,-1,1
0.8189143039423175,0.8852267121655999,Anything,1,0,3
-2.1126611063852945,0.16514688837173427,Go Mad (feat. Mista Silva),2,0,3
1.3648279541765485,0.2193281270181414,Baloba (feat. DJ Leo),1,-1,0
0.8975205064459316,1.8429324741691278,Je Kan Mo,1,0,1
1.2440225427874736,1.700548157956835,My Woman My Everything,1,0,3
1.3970769000967083,0.2535793729043728,In My Head,1,0,3
0.3140168773410272,0.7219077687440802,Kwaroro,1,0,3
1.2168487510395,-0.5579513379776749,Concert Party,1,0,0
0.9780055615483515,0.1663546774096598,Loko,1,0,3
0.8337695222510975,-0.29599064441596884,Gift,1,0,3
1.5924593580432818,0.8940940193326798,Macoma,1,0,3
